Title,
batman: arkham city,
lego indiana jones,
star wars: fallen order,
sekiro: shadows die twice,
bastion,
horizon zero dawn 2,
black mesa ***,
skyrim/skyrim zombie survival,
surviving the aftermatch,
mount and blade ii **,
dead island series ***,
minecraft zombie survival,
this war of mine dlc's ***,
metal gear peace walker *,
shadow of mordor 2 *,
dusk *,
outer wilds,
trover saves the universe,
darkwood **,
ghost of a tale ***,
yakuza series ***,
darq **,
eternal darkness gamecube game **,
spiritfarer **,
journey to the savage planet *,
disco elyssum *,
prison architect,
rebel galaxy outlaw,
wolfenstein ii and wolfenstein young blood,
amnesia series,
far lone sails,
diluvion,
vanquish pc and bayonetta pc,
mars: war logs,
technomancer,
doom bfg and doom remake,
the surge,
overland,
lords of the fallen,
john wick hex,
observer,
kingdom come dilverence,
pyre,
0 ad,
rage,
retro game crunch,
darkest dungeon,
the maw,
condemned: criminal origins,
system shock enhanced edition,
system shock 2,
the escapists and expansions,
alice series,
distraint watch,
a plague tale,
gunman taco truck,
batman arkham game last one,
metal gear rising,
saints row series,
legend of grimrock series,
spooky's jump scare mansion,
pizza tycoon,
stories untold,
just cause 3,
7 days to die (waiting for updates),
apotheon,
the long dark,
crypt of the necrodancer,
dead state,
vampyr,
divinity: original sin - enhanced edition,
subnautica,
prison architect (once all the updates are done),
pillars of eternity (white march pt.ii),
vortex: the gateway,
the sunken city,
zone of enders 2,
slain!,
forced showdown,
epistory - the typing chronicles,
quar: the battle for gate 18,
endless legend series,
dragon age series,
sunless sea,
sunless skies,
x:rebirth,
stellaris,
clive barker's jericho,
cryostasis,
dead effect series,
patholigic,
medusa's labynrth,
doom4,
control,
blairewitch,
until dawn,
bad north,
homefront: the revolution,
metro 2 and 3,
deus ex,
grow home and sequel,
psychonauts,
the saboteur,
observation game,
recore,
watch dogs 2,
dishonored 2,
planet coaster,
mafia series,
sleeping dogs,
mgs rising,
undertale,
evil within 2,
shadow of war,
south park: the fractured but whole,
headlander,
i am setsuna,
three fourths home,
the hex,
pony island,
assasins creed series (pirate game),
star control origins,
eternal castle,
resident evil 2 remake,
my time at portia,
lucious,
eastshade,
insomnia the ark,
tick tock a tale for two,
duck season pass,
mutant year zero,
ni no kuni series,
astroneer,
syndicate,
spacehulk,
prey 2,
phantasy star online 2,
baldurs gate,
anna,
sly cooper,
north and south,
legend of dragoon,
bucky, o'hare,
fez,
zone of enders,
binding of isaac,
the last story,
curiosity in 5 weeks!,
project p-100,
human element,
on the rain-slick precipice series,
squids,
heavenly sword,
blendo games,
haunting ground,
eternal darkness,
7th guest,phantasm,
shadowgate,
deadly premonition,
fatal frame,
king of fighters,
sacred,
gratuitous space battles,
tengai makyō,
end of nations,
intrusion 1 and 2,
onimusha,
penumbra,
nura: rise of the yokai clan,
omikron: the nomad soul,
tales of symphonia,
pandoras tower,
endless space,
driftmoon 1.1,
star command,
eternal darkness: sanity's requiem,
shin megami tensei,
planetary annihlation,
total annihlation,
hades,
outlast,
disco elyssum ***,
hotline miami,
betrayer,
phoenix point,
ape out,
praey for the gods,
star wars jedi fallen order,
observation,
wide ocean big jacket,
terminator resistance,
ministry of broadcast **,
the cat lady,
baldurs gate 3,
stellar is federations,
maquette,
dwarros (maybe),
state of decay 2,
manhunt series,
dante’s inferno,
the hidden,
everything *,
world of horror,
sludge life ***,
pathfinder: wrath of the righteous,
observer remaster next gen **,
lords of the fallen **,
days gone *,
cloud punk,
darkest dungeon easy mod?,
wildfire,
tales from off peak city,
ghost runner,
little nightmares ii,
sable,
shadow warrior,
elder scroll of games (unity remake),
mosaic,
lovesick,
shine megami tensei,
gylt,
condemned series,
the pathless,
far cry new dawn,
goodbye deponia,
moon remix rpg,
immortals fenyx rising,
bugsnax,
resident evil 2 re make,
